file_name;key_repr
xortool_out/00.out;=
xortool_out/01.out;<
xortool_out/02.out;?
xortool_out/03.out;>
xortool_out/04.out;9
xortool_out/05.out;8
xortool_out/06.out;;
xortool_out/07.out;:
xortool_out/08.out;5
xortool_out/09.out;4
xortool_out/10.out;l
xortool_out/11.out;o
xortool_out/12.out;n
xortool_out/13.out;i
xortool_out/14.out;h
xortool_out/15.out;k
xortool_out/16.out;j
xortool_out/17.out;e
xortool_out/18.out;d
xortool_out/19.out;g
xortool_out/20.out;f
xortool_out/21.out;a
xortool_out/22.out;`
xortool_out/23.out;c
xortool_out/24.out;b
xortool_out/25.out;}
xortool_out/26.out;|
xortool_out/27.out;\x7f
xortool_out/28.out;~
xortool_out/29.out;y
xortool_out/30.out;x
xortool_out/31.out;{
xortool_out/32.out;z
xortool_out/33.out;u
xortool_out/34.out;t
xortool_out/35.out;w
xortool_out/36.out;L
xortool_out/37.out;O
xortool_out/38.out;N
xortool_out/39.out;I
xortool_out/40.out;H
xortool_out/41.out;K
xortool_out/42.out;J
xortool_out/43.out;E
xortool_out/44.out;D
xortool_out/45.out;G
xortool_out/46.out;F
xortool_out/47.out;A
xortool_out/48.out;@
xortool_out/49.out;C
xortool_out/50.out;B
xortool_out/51.out;]
xortool_out/52.out;\\
xortool_out/53.out;_
xortool_out/54.out;^
xortool_out/55.out;Y
xortool_out/56.out;X
xortool_out/57.out;[
xortool_out/58.out;Z
xortool_out/59.out;U
xortool_out/60.out;T
xortool_out/61.out;W
xortool_out/62.out;,
xortool_out/63.out;\x2f
xortool_out/64.out;.
xortool_out/65.out;)
xortool_out/66.out;(
xortool_out/67.out;+
xortool_out/68.out;*
xortool_out/69.out;%
xortool_out/70.out;$
xortool_out/71.out;'
xortool_out/72.out;&
xortool_out/73.out;!
xortool_out/74.out; 
xortool_out/75.out;#
xortool_out/76.out;"
xortool_out/77.out;7
xortool_out/78.out;6
xortool_out/79.out;1
xortool_out/80.out;0
xortool_out/81.out;3
xortool_out/82.out;2
xortool_out/83.out;M
xortool_out/84.out;V
xortool_out/85.out;Q
xortool_out/86.out;P
xortool_out/87.out;S
xortool_out/88.out;R
xortool_out/89.out;m
xortool_out/90.out;v
xortool_out/91.out;q
xortool_out/92.out;p
xortool_out/93.out;s
xortool_out/94.out;-
xortool_out/95.out;\x04
xortool_out/96.out;\x07
xortool_out/97.out;\x00
xortool_out/98.out;\x06
xortool_out/99.out;\x01
